weeks,interestGroup,ed_avg,food_avg,rec_avg,rent_avg,shelter_avg,wages_avg,savings_avg
1,H,27.04579746,78.12707176,201.9154388,47.64036567,1105.602043,3470.580745,2105.53076
2,H,0,80.01647869,175.2023224,0,0,989.8267832,739.9176702
1,B,26.89836709,82.56092141,213.5567092,58.86470056,1247.250932,3422.132328,1910.730099
1,A,20.45510066,78.29078373,211.2658582,50.8439756,1124.939228,3385.586333,2001.479338
1,I,27.39623367,80.98984609,200.5836396,44.57365595,1117.10488,3411.381537,2029.880594
1,D,38.42127045,79.82719161,198.4726705,77.93042692,1204.792355,3524.962411,2081.37935
1,G,24.97277015,80.38165071,193.0186456,30.19817325,1126.983019,3480.970879,2085.812966
1,F,41.69127462,83.03422661,246.2782011,47.19867527,1221.618854,3366.091635,1820.667754
1,J,20.95970144,81.28257549,194.1161812,38.07480673,1121.676699,3364.781611,1984.82126
1,E,29.93522932,84.21348141,229.7910436,51.22158721,1110.900847,3473.621373,2070.002359
1,C,27.65353335,80.42454529,185.334193,88.03637677,1129.927792,3347.202113,2011.898426
2,B,0,83.43422506,184.5518979,0,0,911.6953979,647.6317201
2,A,0,80.28239251,190.853682,0,0,940.9570017,681.9109042
2,I,0,81.2851742,173.5373931,0,0,949.1135666,697.1927464
2,D,0,80.67794093,160.4901668,0,0,1018.478809,781.3019603
2,G,0,80.26369587,166.3788117,0,0,943.3508009,697.8041385
2,F,0,84.5478716,207.7418353,0,0,842.129148,554.4376282
2,J,0,85.05939785,190.0067834,0,0,936.2533741,661.8253674
2,E,0,85.92525654,193.3109181,0,0,922.6203952,651.112523
2,C,0,83.34279656,174.8678575,0,0,899.0693414,649.1343743
3,H,0,79.49242756,149.9187887,0,0,989.7750641,765.229024
3,B,0,82.7026948,151.1003872,0,0,911.6745719,679.6172105
3,A,0,79.9677934,169.8128296,0,0,940.9756192,698.4590216
3,I,0,80.33362122,139.6527265,0,0,949.1135666,729.322364
3,D,0,80.28957816,146.9044338,0,0,1018.491476,794.809695
3,G,0,80.68307593,139.5924168,0,0,943.3508009,723.2822191
3,F,0,82.6622141,163.8857897,0,0,842.1039953,595.5559915
3,J,0,84.43757934,159.243682,0,0,936.2533741,694.8126277
3,E,0,84.7599853,151.2460334,0,0,922.6203952,686.6143765
3,C,0,82.58335833,152.7948593,0,0,899.045222,668.7735428
4,H,0,78.99512651,129.3070581,0,0,989.7989387,781.4967542
4,B,0,81.75073398,126.7884637,0,0,911.7075238,703.1683262
4,A,0,79.55735671,129.1051245,0,0,940.9570017,732.7069221
4,I,0,80.95126599,119.5678561,0,0,949.1407503,748.6216282
4,D,0,79.61988688,114.7709895,0,0,1018.507748,826.9964871
4,G,0,80.05620689,120.8087926,0,0,943.3508009,742.4858014
4,F,0,82.70198393,147.4086665,0,0,842.1201274,612.0094769
4,J,0,83.95679805,137.9757718,0,0,936.300015,714.3674452
4,E,0,84.92799369,132.3464819,0,0,922.6203952,705.3459196
4,C,0,81.78695977,118.2630051,0,0,899.0838361,701.7479245
5,H,13.07200583,78.84971091,120.7437329,0,635.1170626,989.8009237,396.3880521
5,B,13.66505885,81.27879048,119.0014135,0,648.397588,911.6745719,432.6409594
5,A,8.330220825,78.82885624,125.3678745,0,618.217832,940.9662609,496.2414752
5,I,13.08130603,80.17924724,96.32421826,0,613.5329687,949.2487434,439.1991104
5,D,19.11854123,79.14272926,117.4033306,0,644.0662995,1018.511353,451.8430944
5,G,8.729831148,79.40154155,105.9253298,0,636.8428138,943.3508009,413.5985728
5,F,19.98106983,82.01784295,131.4521816,0,653.4262163,842.1452801,377.3575624
5,J,8.516514919,83.55682261,123.9066263,0,656.748832,936.2843428,378.8429664
5,E,13.33391128,84.07962286,110.6510406,0,619.3899899,922.6203952,444.6655976
5,C,12.45529457,81.28135727,114.6695402,0,615.026327,899.0850832,404.3309301
6,H,0,79.07635994,106.2812917,0,0,989.8267832,804.9438854
6,B,0,81.18266812,105.5773791,0,0,911.7075238,724.9474766
6,A,0,79.58930459,113.6760956,0,0,940.9662609,747.7008607
6,I,0,80.15305339,98.18696875,0,0,950.2596261,771.9196039
6,D,0,78.88419294,107.992432,12.98840347,12.24296185,1018.464685,832.6650179
6,G,0,79.92038547,95.840229,0,0,943.3508009,767.5901864
6,F,0,81.14624176,110.5672363,0,0,842.1201274,651.1307839
6,J,0,83.57767239,103.4199626,0,0,936.2843428,749.2867078
6,E,0,83.66676927,108.6375812,0,0,922.6203952,730.3160447
6,C,0,80.63929438,99.09778874,0,0,899.045222,719.3081388
7,H,0,78.61093237,101.9232095,0,0,989.7730792,809.2389373
7,B,0,81.90508899,105.2384473,0,0,911.6745719,724.5310356
7,A,0,79.13125756,106.43878,0,0,940.9662609,755.3962234
7,I,0,79.96613986,88.28115804,0,0,950.2324424,781.9851444
7,D,0,78.74654635,100.4312073,3.63071689,3.498908685,1020.000368,840.954423
7,G,0,79.72062909,88.54054834,0,0,943.3508009,775.0896234
7,F,0,81.6104952,112.9481397,0,0,842.1452801,647.5866452
7,J,0,83.77677517,112.7797902,0,0,936.300015,739.7434496
7,E,0,83.34643233,92.5635321,0,0,922.6203952,746.7104308
7,C,0,81.07374116,104.2123842,0,0,899.0548467,714.0135959
8,H,0,79.08434906,111.0025398,0,0,989.7472196,799.6603307
8,B,0,81.2556514,97.1369656,0,0,911.7075238,733.3149068
8,A,0,78.75709157,101.77928,0,0,940.9756192,760.4392476
8,I,0,79.2529063,69.96766913,0,0,950.2596261,801.0390507
8,D,0,78.96772824,97.05467951,0,0,1020.050333,844.0279256
8,G,0,79.53839146,90.1116715,0,0,943.3508009,773.7007379
8,F,0,81.23372567,105.9107973,0,0,842.1201274,654.9756044
8,J,0,83.33989531,100.7304371,0,0,936.2533741,752.1830416
8,E,0,82.57749123,86.93266498,0,0,922.6203952,753.110239
8,C,0,80.14522103,89.8949428,0,0,899.045222,729.0050581
9,H,13.07200583,78.43814562,96.85583249,0,635.1170626,989.8247983,394.4866486
9,B,13.66505885,81.02186154,95.63117446,0,648.397588,911.6745719,423.3778139
9,A,8.330220825,79.06427884,97.42136147,0,618.217832,940.9756192,470.2317539
9,I,13.08130603,80.07082135,81.21142748,0,613.5329687,950.2491451,436.5362022
9,D,19.11854123,78.88642279,93.27959367,0,642.7400188,1020.020245,447.0420972
9,G,8.729831148,79.0051651,89.66465909,0,636.8428138,943.3508009,388.9695535
9,F,19.98106983,81.56878167,103.0074967,0,653.4262163,842.1704329,368.4687876
9,J,8.516514919,82.92851673,88.18095087,0,656.748832,936.2533741,363.3039759
9,E,13.33391128,83.37736095,88.31033416,0,619.3899899,922.6203952,440.7905035
9,C,12.45529457,80.33476571,80.31622573,0,615.026327,899.0500919,401.8332975
10,H,0,78.49088699,91.71383273,0,0,989.8267832,819.6220635
10,B,0,81.10480375,86.06708946,0,0,911.6624459,744.4905527
10,A,0,78.931705,98.31526174,0,0,940.9662609,763.7192942
10,I,0,79.99540917,91.37119108,0,0,950.269316,778.9027158
10,D,0,78.53405817,91.21851916,0,0,1020.016332,850.2637548
10,G,0,78.96220875,84.78204147,0,0,943.3508009,779.6065506
10,F,0,81.91678532,97.44224571,0,0,842.1704329,662.8114019
10,J,0,83.07151516,88.81376403,0,0,936.300015,764.4147358
10,E,0,83.70550881,86.99921579,0,0,922.6203952,751.9156706
10,C,0,80.66130792,93.78333379,0,0,899.0838361,724.6391944
11,H,0,78.43537553,90.62765193,0,0,989.8009237,820.7378962
11,B,0,81.06281755,87.76045274,0,0,911.7075238,742.8842535
11,A,0,78.91588984,98.98916573,0,0,940.96636,763.0613044
11,I,0,80.03643299,73.24726423,0,0,950.2596261,796.9759289
11,D,0,79.80839269,81.28113649,0,0,1020.050641,858.9611122
11,G,0,78.86910719,73.15886566,0,0,943.3508009,791.322828
11,F,0,81.47468457,83.49531744,0,0,842.1452801,677.1752782
11,J,0,82.82560178,86.53759737,0,0,936.2533741,766.8901749
11,E,0,83.27866698,82.53717464,0,0,922.6203952,756.8045536
11,C,0,81.17789137,81.29990084,0,0,899.0693414,736.5915492
12,H,0,78.01054995,97.91610324,0,0,989.7971039,813.8704507
12,B,0,81.10308042,86.09865084,0,0,911.6745719,744.4728406
12,A,0,78.86621744,94.25462516,0,0,940.9662609,767.8454184
12,I,0,79.79497583,76.26857243,0,0,950.2324424,794.1688941
12,D,0,79.46277717,92.3252136,0,0,1020.048876,848.2608849
12,G,0,79.25550262,74.78246925,0,0,943.3508009,789.312829
12,F,0,81.89687161,97.36815154,0,0,842.1452801,662.880257
12,J,0,82.43064107,100.9226627,0,0,936.2533741,752.9000703
12,E,0,82.8305432,76.25227933,0,0,922.6203952,763.5375727
12,C,0,80.97668438,85.23150631,0,0,899.0693414,732.8969379
13,H,0,78.92428196,95.34500099,0,0,989.8870978,815.6178148
13,B,0,80.64512993,86.62075603,0,0,911.7075238,744.4416379
13,A,0,78.02124737,72.03612481,0,0,940.9570017,790.8996295
13,I,0,80.14236848,79.39533086,0,0,950.2324424,790.694743
13,D,0,79.79839293,89.34062256,0,0,1020.063,850.9239846
13,G,0,78.80069148,68.16088593,0,0,943.3508009,796.3892235
13,F,0,81.3599947,85.61071529,0,0,842.0949746,675.1242647
13,J,0,82.64382916,80.14863545,0,0,936.300015,773.5075504
13,E,0,83.56749888,87.71449951,0,0,922.6203952,751.3383968
13,C,0,80.17086173,82.58585085,0,0,899.0693414,736.3126288
14,H,13.07200583,78.13495092,85.43014761,0,635.1170626,989.8247983,395.4883385
14,B,13.66505885,80.52329159,92.92983559,0,648.397588,911.6745719,405.0841009
14,A,8.330220825,78.7207498,82.4453371,0,618.217832,940.9756192,469.1516155
14,I,13.08130603,79.59723848,85.87513589,0,613.5329687,950.2596261,433.92935
14,D,19.11854123,78.72491757,89.74755657,0,642.7400188,1020.063,456.8990361
14,G,8.729831148,78.66368203,75.06482954,0,636.8428138,943.3508009,399.9508686
14,F,19.98106983,81.25354961,89.41170359,0,653.4262163,842.1452801,357.6495
14,J,8.516514919,83.23571906,87.89761653,0,656.748832,936.2533741,371.3495545
14,E,13.33391128,83.19994788,81.359661,0,619.3899899,922.6203952,431.7054382
14,C,12.45529457,80.15080494,73.76703521,0,615.026327,899.0838361,396.5805747
15,H,0,78.24296997,90.44554621,0,0,989.8009237,821.1124075
15,B,0,80.89849761,98.28112955,0,0,911.7075238,732.5278967
15,A,0,79.12140271,99.97340118,0,0,940.9756192,761.8808153
15,I,0,79.84361151,87.87657993,0,0,950.2596261,782.5394346
15,D,0,79.08923087,85.48720287,0,0,1020.091939,855.5155048
15,G,0,79.16612839,74.56658971,0,0,943.3508009,789.6180828
15,F,0,81.79654617,93.47069152,0,0,842.1039953,666.8367576
15,J,0,83.24242795,74.90397347,0,0,936.300015,778.1536136
15,E,0,82.48201169,89.573746,0,0,922.6203952,750.5646375
15,C,0,80.31771884,79.23769113,0,0,899.0838361,739.5284261
16,H,0,78.36305709,82.9265925,0,0,989.8526428,828.5629932
16,B,0,80.71929179,96.01880092,0,0,911.7075238,734.9694311
16,A,0,79.44349403,93.55260056,0,0,940.9662609,767.9701663
16,I,0,79.82223398,81.18400697,0,0,950.2596261,789.2533851
16,D,0,79.51392675,93.32691734,0,0,1020.046728,847.2058842
16,G,0,78.99881864,82.98194352,0,0,943.3508009,781.3700387
16,F,0,81.30806913,93.31734505,0,0,842.1452801,667.519866
16,J,0,83.51657953,76.87037934,0,0,936.2067331,775.8197742
16,E,0,83.42660228,80.88475343,0,0,922.6203952,758.3090395
16,C,0,79.65378361,84.67726995,0,0,899.0307273,734.6996737
17,H,0,78.38588885,90.26074213,0,0,989.7989387,821.1523078
17,B,0,81.93349746,98.85090083,0,0,911.7075238,730.9231256
17,A,0,79.07448304,99.15551804,0,0,940.9662609,762.7362599
17,I,0,79.84278048,72.91731457,0,0,950.2324424,797.4723473
17,D,0,78.89638712,88.02146289,0,0,1020.048876,853.1310256
17,G,0,79.44814511,82.42676673,0,0,943.3508009,781.475889
17,F,0,81.123725,91.84501764,0,0,842.1704329,669.2016903
17,J,0,83.7212207,84.96323358,0,0,936.2533741,767.5689198
17,E,0,82.75254699,78.54400629,0,0,922.6203952,761.3238419
17,C,0,80.78722583,86.58311517,0,0,899.0838361,731.7134951
18,H,13.07200583,78.60680016,87.62376585,0,635.1170626,989.7750641,398.0064258
18,B,13.66505885,80.94760678,83.1605968,0,648.397588,911.6745719,413.9998611
18,A,8.330220825,79.16370047,96.88931955,0,618.217832,940.9756192,470.708629
18,I,13.08130603,79.32310327,74.62356431,0,613.5329687,950.2596261,431.797309
18,D,19.11854123,79.08446749,77.74631881,0,642.7400188,1019.998603,452.5019786
18,G,8.729831148,79.04158391,67.34499306,0,636.8428138,943.3508009,393.7976675
18,F,19.98106983,81.06002723,83.95004917,0,653.4262163,842.1452801,358.5001735
18,J,8.516514919,83.22930777,80.86623579,0,656.748832,936.2067331,357.522066
18,E,13.33391128,82.85488534,74.50585561,0,619.3899899,922.6203952,428.7192585
18,C,12.45529457,79.87386037,62.82463723,0,615.026327,899.0838361,389.9256482
19,H,0,78.46979,91.45031996,0,0,989.7730792,819.8529692
19,B,0,80.46703424,83.22709953,0,0,911.6745719,747.9804381
19,A,0,79.20819574,87.30563989,0,0,940.9756192,774.4617836
19,I,0,79.70728729,82.79483189,0,0,950.2596261,787.7575069
19,D,0,78.93850512,85.51500393,0,0,1020.075667,855.6221577
19,G,0,79.44792569,78.09340001,0,0,943.3508009,785.8094752
19,F,0,81.31702416,105.4765046,0,0,842.0698219,655.2762932
19,J,0,83.14744833,79.54642523,0,0,936.300015,773.6061414
19,E,0,82.84666142,80.0026541,0,0,922.6203952,759.7710797
19,C,0,80.52510503,82.57777327,0,0,899.0548467,735.9519684
20,H,0,78.28249117,71.13329232,0,0,989.7989387,840.3831553
20,B,0,81.07756758,98.79170088,0,0,911.7075238,731.8382553
20,A,0,78.30615077,86.88196097,0,0,940.9756192,775.7875075
20,I,0,80.29874668,81.04009613,0,0,950.2149486,788.8761057
20,D,0,78.71728387,65.52994982,0,0,1020.046728,875.7994946
20,G,0,79.20993689,75.31476186,0,0,943.3508009,788.8261021
20,F,0,81.2301303,83.42683271,0,0,842.1704329,677.5134699
20,J,0,83.41429803,86.51745972,0,0,936.300015,766.3682573
20,E,0,83.00574224,87.61990942,0,0,922.6203952,751.9947435
20,C,0,80.27958197,74.26582408,0,0,899.045222,744.4998159
21,H,0,78.79347885,80.69566023,0,0,989.8526428,830.3635037
21,B,0,81.30323351,69.515448,0,0,911.6745719,760.8558903
21,A,0,79.12445206,77.10046554,0,0,940.9662609,784.7413433
21,I,0,79.33967935,71.8236509,0,0,950.2596261,799.0962958
21,D,0,79.68144448,80.32444852,0,0,1020.048876,860.0429826
21,G,0,78.73545189,71.87595308,0,0,943.3508009,792.7393959
21,F,0,81.07511503,87.58814665,0,0,842.1704329,673.5071713
21,J,0,83.72613898,68.59359971,0,0,936.2533741,783.9336354
21,E,0,82.89023694,70.02024528,0,0,922.6203952,769.709913
21,C,0,80.12823211,76.80454421,0,0,899.1079556,742.1751792
22,H,13.07200583,78.90997256,81.34977658,0,635.1170626,989.8009237,410.6354261
22,B,13.66505885,81.39251249,86.11660614,0,648.397588,911.6953979,410.4885311
22,A,8.330220825,79.09452975,90.39539451,0,618.217832,940.9662609,473.651786
22,I,13.08130603,79.80910897,73.9862501,0,613.5329687,950.2324424,437.243243
22,D,19.11854123,78.53617955,84.43805026,0,642.7400188,1020.059395,444.8105745
22,G,8.729831148,78.4192027,64.89456162,0,636.8428138,943.3508009,400.8638178
22,F,19.98106983,81.11058561,76.53250254,0,653.4262163,842.0949746,362.86345
22,J,8.516514919,83.20766861,77.44146238,0,656.748832,936.300015,366.1691505
22,E,13.33391128,82.36477691,83.05577248,0,619.3899899,922.6203952,426.9850576
22,C,12.45529457,80.25373262,66.92047172,0,615.026327,899.0693414,401.1565482
23,H,0,78.33746251,81.18161991,0,0,989.8009237,830.2818412
23,B,0,81.17049353,79.44538392,0,0,911.7075238,751.0916464
23,A,0,78.84023894,88.69962268,0,0,940.96636,773.4264983
23,I,0,79.7045247,75.01826826,0,0,950.2790059,795.556213
23,D,0,79.21302686,87.74223654,0,0,1020.016332,853.0610687
23,G,0,78.90797707,63.82730376,0,0,943.3508009,800.6155201
23,F,0,81.50252942,97.1648051,0,0,842.1610989,663.4937644
23,J,0,83.07973484,73.57766943,0,0,936.2533741,779.5959698
23,E,0,82.72711377,85.26420419,0,0,922.6203952,754.6290772
23,C,0,80.09261738,77.51585175,0,0,899.0597167,741.4512476
24,H,0,78.8401647,79.64881643,0,0,989.8009237,831.3119426
24,B,0,80.98168148,97.37270762,0,0,911.7075238,733.3531347
24,A,0,79.49244805,85.32529199,0,0,940.9662609,776.1485209
24,I,0,79.91189772,81.91818529,0,0,950.2596261,788.4295431
24,D,0,79.30888502,79.27652254,0,0,1020.025308,861.4399004
24,G,0,79.13345246,71.49355752,0,0,943.3508009,792.7237909
24,F,0,81.43474336,96.25237494,0,0,842.1452801,664.4581619
24,J,0,83.25519052,76.6508701,0,0,936.3466559,776.4405953
24,E,0,82.86220458,79.88429508,0,0,922.6203952,759.8738955
24,C,0,80.03158885,78.31247584,0,0,899.0983308,740.7542661
25,H,0,78.87501412,85.72553226,0,0,989.8526428,825.2520964
25,B,0,81.01792937,84.6203749,0,0,911.6745719,746.0362676
25,A,0,79.39789807,76.62589631,0,0,940.9756192,784.9518248
25,I,0,79.88666405,85.47917985,0,0,950.2324424,784.8665984
25,D,0,78.5138973,85.75513435,0,0,1020.059395,855.7903633
25,G,0,79.77919562,79.79886345,0,0,943.3508009,783.7727418
25,F,0,81.36766506,85.06166938,0,0,842.1452801,675.7159457
25,J,0,83.15005399,89.39729575,0,0,936.2533741,763.7060243
25,E,0,83.63634891,86.43280726,0,0,922.6203952,752.5512391
25,C,0,80.51201821,88.14760621,0,0,899.0742114,730.4145869
26,H,0,78.5390487,85.09507316,0,0,989.8009237,826.1668018
26,B,0,80.68389046,95.38623418,0,0,911.6745719,735.6044472
26,A,0,79.13313593,96.2095774,0,0,940.9756192,765.6329059
26,I,0,80.14203746,82.4602289,0,0,950.269316,787.6670496
26,D,0,78.80377435,76.24223813,0,0,1020.028999,864.9829863
26,G,0,79.13282042,76.82595858,0,0,943.3508009,787.3920219
26,F,0,81.19998995,85.73006825,0,0,842.129148,675.1990898
26,J,0,83.19656831,87.04202267,0,0,936.300015,766.061424
26,E,0,82.56853088,81.19005987,0,0,922.6203952,758.8618045
26,C,0,79.84212885,70.61600161,0,0,899.0742114,748.6256513
27,H,13.07200583,78.27674098,75.27549344,0,635.1170626,989.8526428,414.9341206
27,B,13.66505885,80.85713404,89.06651491,0,648.397588,911.6953979,413.2538559
27,A,8.330220825,78.93614126,86.6389024,0,618.217832,940.9662609,466.8985364
27,I,13.08130603,79.77697517,73.7535142,0,613.5329687,950.2324424,438.2532423
27,D,19.11854123,78.488268,64.54983931,0,642.7400188,1020.028999,450.8362365
27,G,8.729831148,78.96064481,64.61298786,0,636.8428138,943.3508009,395.4922313
27,F,19.98106983,80.87902077,90.22256209,0,653.4262163,842.1704329,357.5548302
27,J,8.516514919,83.6049062,68.61613414,0,656.748832,936.300015,365.8791667
27,E,13.33391128,82.54903001,77.69695096,0,619.3899899,922.6203952,425.1362203
27,C,12.45529457,80.54161531,75.28918239,0,615.026327,899.0838361,387.0383665
28,H,0,78.33610823,83.09214572,0,0,989.7730792,828.3448252
28,B,0,81.24649498,86.6447512,0,0,911.6745719,743.7833257
28,A,0,78.90142678,96.26262457,0,0,940.9756192,765.8115679
28,I,0,80.2090025,75.47280083,0,0,950.2596261,794.5778227
28,D,0,78.53503137,73.5202815,0,0,1019.977182,867.9218694
28,G,0,79.35432428,71.91294533,0,0,943.3508009,792.0835313
28,F,0,81.69210738,89.98496276,0,0,842.1452801,670.46821
28,J,0,83.46959423,80.18797995,0,0,936.2377018,772.5801277
28,E,0,83.14519067,83.84381799,0,0,922.6203952,755.6313865
28,C,0,80.52823448,79.08930024,0,0,899.0838361,739.4663013
29,H,0,78.31181679,88.15858184,0,0,989.8267832,823.3563846
29,B,0,80.65708069,86.67210118,0,0,911.7316356,744.4024537
29,A,0,78.92764268,102.034283,0,0,940.9662609,760.0043352
29,I,0,79.11444232,76.39085823,0,0,950.248779,794.7434785
29,D,0,78.56011518,86.03551451,0,0,1020.063,855.4673703
29,G,0,78.84308265,76.92199094,0,0,943.3508009,787.5857273
29,F,0,81.66178391,89.82716577,0,0,842.0705642,670.5816145
29,J,0,83.03771792,65.66653667,0,0,936.2533741,787.5491194
29,E,0,83.75404471,85.88372658,0,0,922.6203952,752.9826239
29,C,0,80.74130816,85.77729684,0,0,899.0838361,732.5652311
30,H,0,78.1589356,78.19899287,0,0,989.8009237,833.4429952
30,B,0,81.2161483,89.0162478,0,0,911.7075238,741.4751277
30,A,0,78.63861807,85.40589283,0,0,940.9756192,776.9311083
30,I,0,79.36023345,87.00776127,0,0,950.2491451,783.8811504
30,D,0,79.69198809,80.23596364,0,0,1020.079272,860.1513201
30,G,0,79.04288245,69.73824714,0,0,943.3508009,794.5696713
30,F,0,80.88326087,99.64999382,0,0,842.1201274,661.5868727
30,J,0,83.55893268,80.49801624,0,0,936.2067331,772.1497842
30,E,0,83.95692656,85.51828648,0,0,922.6203952,753.1451822
30,C,0,80.16075105,77.74541307,0,0,899.0114778,741.1053136
31,H,13.07200583,78.08549392,74.49864005,0,635.1170626,989.7472196,408.4682061
31,B,13.66505885,81.5309445,81.34430066,0,648.397588,911.7075238,413.4148203
31,A,8.330220825,78.9339509,86.31376873,0,618.217832,940.9756192,475.8855002
31,I,13.08130603,79.19293922,72.84330124,0,613.5329687,950.2324424,440.3592718
31,D,19.11854123,79.1042908,72.66268381,0,642.7400188,1020.016332,441.3717503
31,G,8.729831148,78.59093985,74.76230422,0,636.8428138,943.3508009,402.4688807
31,F,19.98106983,82.19175562,90.84598817,0,653.4262163,842.1039953,371.130158
31,J,8.516514919,82.72592127,74.03716656,0,656.748832,936.300015,358.7928387
31,E,13.33391128,83.25381402,93.75245064,0,619.3899899,922.6203952,448.5189638
31,C,12.45529457,79.83488377,78.93173758,0,615.026327,899.0838361,398.2012597
32,H,0,78.78570992,74.59109954,0,0,989.8526428,836.4758333
32,B,0,80.93504704,89.49902753,0,0,911.7075238,741.2734492
32,A,0,78.98788572,88.89185651,0,0,940.9570017,773.0772595
32,I,0,79.85441586,72.78648058,0,0,950.2596261,797.6187296
32,D,0,79.22818372,76.339886,0,0,1020.075667,865.0999559
32,G,0,78.73390888,66.25944504,0,0,943.3508009,798.3574469
32,F,0,81.10356396,91.31551212,0,0,842.1704329,669.7513569
32,J,0,83.28948979,76.73585165,0,0,936.2067331,776.1813917
32,E,0,82.75584838,79.08854526,0,0,922.6203952,760.7760016
32,C,0,80.1398504,77.64665932,0,0,899.0693414,741.2828317
33,H,0,77.8534273,79.22127507,0,0,989.8267832,832.7520809
33,B,0,81.03721496,81.78323701,0,0,911.6745719,748.8541199
33,A,0,78.53309363,86.89563893,0,0,940.9662609,775.5375284
33,I,0,80.1277383,78.21684222,0,0,950.269316,791.9247355
33,D,0,78.83878835,87.66329696,0,0,1020.032604,853.5305186
33,G,0,79.0116392,81.07638519,0,0,943.3508009,783.2627765
33,F,0,81.49447215,87.23919821,0,0,842.0949746,673.3613043
33,J,0,83.55787109,76.15022747,0,0,936.300015,776.5919164
33,E,0,82.67776901,80.17534725,0,0,922.6203952,759.7672789
33,C,0,80.41561907,84.48919166,0,0,899.1079556,734.2031448
34,H,0,78.69214845,76.38190121,0,0,989.8267832,834.7527336
34,B,0,81.08307402,100.1734671,0,0,911.6624459,730.4059048
34,A,0,79.07458477,86.46546694,0,0,940.96636,775.4263082
34,I,0,79.64364601,68.59158129,0,0,950.2324424,801.9972151
34,D,0,78.53571544,87.55917809,0,0,1020.075667,853.9807732
34,G,0,79.06969601,64.51970027,0,0,943.3508009,799.7614046
34,F,0,81.74641663,92.37097239,0,0,842.1201274,668.0027384
34,J,0,83.18329772,79.62969007,0,0,936.2067331,773.3937453
34,E,0,82.61597335,79.85059371,0,0,922.6203952,760.1538281
34,C,0,79.69860328,62.6384568,0,0,899.0597167,756.7226566
35,H,0,78.24573815,76.13848478,0,0,989.8009237,835.4167008
35,B,0,80.69945774,81.17834379,0,0,911.7075238,749.8297223
35,A,0,79.20725735,78.68170705,0,0,940.9662609,783.0772965
35,I,0,80.11637094,73.75845617,0,0,950.2421323,796.3673052
35,D,0,78.24934046,70.35769782,0,0,1020.063,871.4559618
35,G,0,78.92314015,78.96865885,0,0,943.3508009,785.4590019
35,F,0,81.24944886,88.47690203,0,0,842.1452801,672.4189293
35,J,0,83.2949514,70.44797926,0,0,936.2843428,782.5414121
35,E,0,83.30352681,90.84565757,0,0,922.6203952,748.4712108
35,C,0,79.43137473,70.67808021,0,0,898.9583689,748.848914
36,H,13.07200583,78.54470887,74.00198893,0,635.1170626,989.8526428,408.6221458
36,B,13.66505885,81.12014746,85.49892562,0,648.397588,911.6953979,419.7455076
36,A,8.330220825,78.77878411,85.98928306,0,618.217832,940.9662609,470.711336
36,I,13.08130603,78.97940216,65.67146772,0,613.5329687,950.2052586,434.2834978
36,D,19.11854123,79.08135087,81.47424863,0,642.7400188,1019.998603,451.4881486
36,G,8.729831148,79.41575156,65.36837011,0,636.8428138,943.3508009,394.5284173
36,F,19.98106983,81.41990975,84.70383527,0,653.4262163,842.1704329,367.5706239
36,J,8.516514919,83.84026081,78.78362225,0,656.748832,936.300015,367.3385278
36,E,13.33391128,82.7538514,81.80113738,0,619.3899899,922.6203952,433.8196311
36,C,12.45529457,79.90279961,70.13626757,0,615.026327,899.045222,388.7591822
37,H,0,78.28405923,78.1030113,0,0,989.8267832,833.4397127
37,B,0,80.78919075,87.6120734,0,0,911.7075238,743.3062597
37,A,0,79.22496784,78.79885913,0,0,940.9571007,782.9332737
37,I,0,79.90073411,77.60527848,0,0,950.2596261,792.7536135
37,D,0,79.38848607,67.60875749,0,0,1020.050333,873.0530898
37,G,0,78.91552715,69.67283773,0,0,943.3508009,794.762436
37,F,0,81.80073464,95.83446657,0,0,842.0949746,664.4597734
37,J,0,83.26940553,71.54020547,0,0,936.300015,781.490404
37,E,0,83.49355231,86.1184981,0,0,922.6203952,753.0083448
37,C,0,80.95866568,87.30724115,0,0,899.0355972,730.7696904
38,H,0,78.27041027,85.09822007,0,0,989.7472196,826.3785893
38,B,0,80.88799867,79.53383797,0,0,911.6745719,751.2527352
38,A,0,79.37862752,82.07725484,0,0,940.9756192,779.5197369
38,I,0,80.16204988,81.68049654,0,0,950.2596261,788.4170797
38,D,0,78.80761228,81.12650876,0,0,1020.048876,860.1147546
38,G,0,79.3020886,73.17396412,0,0,943.3508009,790.8747482
38,F,0,80.6810047,79.77093655,0,0,842.1704329,681.7184917
38,J,0,83.08928293,68.5484025,0,0,936.2067331,784.5690477
38,E,0,82.08032474,75.10747126,0,0,922.6203952,765.4325992
38,C,0,79.81192587,67.02785792,0,0,899.1224503,752.2826665
39,H,0,77.65154216,72.51329339,0,0,989.7730792,839.6082436
39,B,0,81.58810062,89.94870332,0,0,911.6986836,740.1618797
39,A,0,78.76905198,90.643551,0,0,940.9662609,771.553658
39,I,0,79.95926209,82.75268464,0,0,950.2596261,787.5476794
39,D,0,78.7034035,72.07541827,0,0,1020.059395,869.2805732
39,G,0,79.22020265,67.06451256,0,0,943.3508009,797.0660857
39,F,0,81.52011945,94.07516988,0,0,842.1452801,666.5499908
39,J,0,83.31411052,75.6391569,0,0,936.3466559,777.3933885
39,E,0,82.85811662,92.59214115,0,0,922.6203952,747.1701374
39,C,0,80.67501584,76.43043492,0,0,899.0838361,741.9783854
40,H,13.07200583,77.93272737,86.53939307,0,635.1170626,989.8009237,404.4980497
40,B,13.66505885,80.6693196,100.5346188,0,648.397588,911.6745719,421.9625751
40,A,8.330220825,78.7831094,82.08339788,0,618.217832,940.9662609,481.0082137
40,I,13.08130603,79.28538437,72.51961577,0,613.5329687,950.2596261,435.3888147
40,D,19.11854123,79.01065296,82.94806246,0,642.7400188,1020.063,455.8837307
40,G,8.729831148,79.09640515,78.9533214,0,636.8428138,943.3508009,409.394474
40,F,19.98106983,81.51321372,96.64826746,0,653.4262163,842.1704329,366.9961699
40,J,8.516514919,83.20228223,79.15377796,0,656.748832,936.300015,364.7339211
40,E,13.33391128,81.96935275,76.70600054,0,619.3899899,922.6203952,430.7986558
40,C,12.45529457,80.33602339,84.19485054,0,615.026327,899.0838361,404.4062857
41,H,0,78.37432551,77.23286332,0,0,989.8229634,834.2157746
41,B,0,80.87047414,77.85520174,0,0,911.7075238,752.9818479
41,A,0,78.8518043,89.86438869,0,0,940.9662609,772.2500679
41,I,0,79.72499834,70.65722376,0,0,950.2596261,799.877404
41,D,0,78.59679821,75.16642397,0,0,1020.016332,866.2531099
41,G,0,78.95811059,68.2173854,0,0,943.3508009,796.1753049
41,F,0,81.02743783,89.34818497,0,0,842.1201274,671.7445046
41,J,0,83.17776257,70.90741624,0,0,936.2533741,782.1681952
41,E,0,82.72160775,70.46752971,0,0,922.6203952,769.4312577
41,C,0,79.92438682,80.21623337,0,0,899.0597167,738.9190965
42,H,0,78.36044359,69.97812388,0,0,989.9628416,841.6242741
42,B,0,81.88202659,85.98411527,0,0,911.6745719,743.80843
42,A,0,78.39569975,86.57500769,0,0,940.9756192,776.0049118
42,I,0,80.0314072,73.1970242,0,0,950.2596261,797.0311947
42,D,0,79.53562935,85.85794798,0,0,1020.059395,856.2319313
42,G,0,78.53737844,71.08286018,0,0,943.3508009,793.7305623
42,F,0,81.18393829,94.15926221,0,0,842.0949746,666.7517741
42,J,0,83.20129144,67.8115066,0,0,936.300015,785.287217
42,E,0,82.79559455,77.97890461,0,0,922.6203952,761.845896
42,C,0,80.24691295,73.69728488,0,0,899.0983308,745.154133
43,H,0,78.44883087,87.51593018,0,0,989.8632232,823.8984621
43,B,0,81.28818623,89.88038028,0,0,911.6624459,740.4938794
43,A,0,78.94035223,87.00957766,0,0,940.9662609,775.016331
43,I,0,80.31944052,76.66138259,0,0,950.2324424,793.2516192
43,D,0,78.84886979,82.11616465,0,0,1020.075667,860.5585808
43,G,0,79.24388911,70.49959196,0,0,943.3508009,793.6073198
43,F,0,81.33343552,81.02769874,0,0,842.1452801,679.7841459
43,J,0,83.50199199,77.58501384,0,0,936.2533741,775.1663682
43,E,0,82.77335793,74.65905363,0,0,922.6203952,765.1879836
43,C,0,80.60509693,78.48480297,0,0,899.1224503,740.0325504
44,H,13.07200583,78.66592127,76.57003403,0,635.1170626,989.7730792,401.0767366
44,B,13.66505885,80.9806048,90.95155468,0,648.397588,911.6745719,416.3033706
44,A,8.330220825,79.16723274,86.69919523,0,618.217832,940.96636,478.7009136
44,I,13.08130603,79.21662355,64.12438689,0,613.5329687,950.2588351,435.2356775
44,D,19.11854123,79.39275605,86.95270533,0,642.7400188,1020.037667,453.0977129
44,G,8.729831148,79.03250477,76.69689058,0,636.8428138,943.3691814,389.3033728
44,F,19.98106983,81.44824897,97.70853414,0,653.4262163,842.1704329,360.1971781
44,J,8.516514919,83.04165885,79.21861335,0,656.748832,936.300015,366.6504682
44,E,13.33391128,83.08928182,70.3229976,0,619.3899899,922.6203952,443.9171878
44,C,12.45529457,80.67233446,75.65170587,0,615.026327,899.0983308,398.2829295
45,H,0,78.40630717,78.17378265,0,0,989.8526428,833.272553
45,B,0,81.28832013,82.21261809,0,0,911.6745719,748.1736337
45,A,0,77.98042655,83.74125425,0,0,940.9756192,779.2539384
45,I,0,79.72964417,78.46987212,0,0,950.2382981,792.0387818
45,D,0,78.81501442,82.3819499,0,0,1020.028999,858.8320345
45,G,0,79.16704018,70.37870435,0,0,943.3508009,793.8050564
45,F,0,80.82653729,71.74636978,0,0,842.1610989,689.5881919
45,J,0,82.8820459,67.29695741,0,0,936.2067331,786.0277298
45,E,0,83.8085537,83.17835934,0,0,922.6203952,755.6334821
45,C,0,80.16802904,81.72300771,0,0,899.1224503,737.2314135
46,H,0,78.47901177,75.21971603,0,0,989.7989387,836.1002109
46,B,0,81.18413821,97.04739211,0,0,911.7075238,733.4759935
46,A,0,79.00073958,94.4320705,0,0,940.9662609,767.5334509
46,I,0,79.47793812,78.39263955,0,0,950.2324424,792.8894032
46,D,0,79.08515403,91.33439097,0,0,1020.050333,849.6307883
46,G,0,79.27228573,75.21092692,0,0,943.3508009,788.8675882
46,F,0,81.28872382,90.63339053,0,0,842.1452801,670.2231658
46,J,0,83.20852046,78.7938541,0,0,936.300015,774.2976404
46,E,0,83.13462918,82.50572692,0,0,922.6203952,756.9800391
46,C,0,80.76531445,84.45495431,0,0,899.0597167,733.8394479
47,H,0,78.40716316,81.75060412,0,0,989.8009237,830.8201062
47,B,0,80.29569493,78.09491233,0,0,911.6745719,753.2839646
47,A,0,79.36989666,88.93623695,0,0,940.9756192,772.9441012
47,I,0,79.5251722,58.12076202,0,0,950.2596261,812.6136919
47,D,0,79.34712335,84.19092451,0,0,1020.059395,856.6515546
47,G,0,79.0626469,66.45961955,0,0,943.3508009,797.8285344
47,F,0,81.50635928,81.35469937,0,0,842.1704329,679.3093743
47,J,0,83.14245656,78.51680714,0,0,936.300015,774.6407513
47,E,0,83.17174921,85.51395785,0,0,922.6203952,753.9346881
47,C,0,80.09989995,68.48609594,0,0,899.0307273,750.4447314
48,H,0,78.46269089,76.79868266,0,0,989.8009237,834.5395502
48,B,0,81.01150788,90.29236508,0,0,911.6986836,740.3948107
48,A,0,79.58445627,88.06290931,0,0,940.9756192,773.3282536
48,I,0,79.21235766,66.19695937,0,0,950.2596261,804.850309
48,D,0,79.03042437,85.25122354,0,0,1020.063,855.7813521
48,G,0,78.80029859,68.69334662,0,0,943.3508009,795.8571557
48,F,0,81.26828166,82.65931251,0,0,842.1610989,678.2335048
48,J,0,83.20481108,86.22940217,0,0,936.2533741,766.8191608
48,E,0,82.48712202,69.58974486,0,0,922.6203952,770.5435283
48,C,0,80.70184217,81.73914975,0,0,899.0838361,736.6428442
49,H,13.07200583,78.48675748,84.33134457,0,635.1170626,989.7750641,416.1864633
49,B,13.66505885,80.9341552,81.97904791,0,648.397588,911.6745719,424.1679904
49,A,8.330220825,78.86650849,81.57155238,0,618.217832,940.9756192,471.7866444
49,I,13.08130603,79.68480832,74.43034726,0,613.5329687,950.2596261,437.9768344
49,D,19.11854123,78.4420029,75.08346889,0,642.7400188,1020.016332,448.9899005
49,G,8.729831148,78.63102283,68.07121391,0,636.8428138,943.3508009,397.0837445
49,F,19.98106983,81.37998428,93.39573626,0,653.4262163,842.1452801,370.0530016
49,J,8.516514919,83.32708079,77.05247161,0,656.748832,936.300015,363.4072206
49,E,13.33391128,82.95581431,89.43659205,0,619.3899899,922.6203952,445.5336963
49,C,12.45529457,80.23766413,76.92280545,0,615.026327,899.0983308,396.9614263
50,H,0,78.54449205,68.41231109,0,0,989.8267832,842.8699801
50,B,0,80.87599715,84.24853404,0,0,911.6745719,746.5500407
50,A,0,78.88316442,95.08145534,0,0,940.9756192,768.5995881
50,I,0,79.54937229,78.38097197,0,0,950.2596261,792.3292818
50,D,0,78.77001316,89.43909755,0,0,1020.059395,852.4503743
50,G,0,78.99117545,67.20318486,0,0,943.3691814,797.1748211
50,F,0,81.81703149,85.61313973,0,0,842.1039953,674.6738241
50,J,0,83.30673804,66.77346862,0,0,936.2533741,786.1731674
50,E,0,82.47664967,74.34311541,0,0,922.6203952,765.8006301
50,C,0,79.31073311,55.09169136,0,0,899.0693414,764.6669169
51,H,0,77.874178,63.96811603,0,0,989.8526428,848.0103487
51,B,0,80.62511596,70.48910606,0,0,911.6624459,760.5482239
51,A,0,79.08943075,68.31416472,0,0,940.9662609,793.5626655
51,I,0,79.82168192,74.95079508,0,0,950.2596261,795.4871491
51,D,0,78.83821045,63.36888008,0,0,1020.021395,877.8143043
51,G,0,79.02266241,61.52478086,0,0,943.3508009,802.8033576
51,F,0,81.24691319,80.65755047,0,0,842.1201274,680.2156637
51,J,0,82.8530927,83.52888572,0,0,936.2533741,769.8713956
51,E,0,82.72918763,93.57755957,0,0,922.6203952,746.313648
51,C,0,80.80738093,76.51823358,0,0,899.1043326,741.7787181
52,H,0,78.55371075,84.37002256,0,0,989.8267832,826.9030499
52,B,0,80.49888256,71.40707002,0,0,911.6986836,759.792731
52,A,0,78.78677622,81.86285902,0,0,940.9756192,780.325984
52,I,0,79.51558596,68.20028988,0,0,950.2596261,802.5437502
52,D,0,78.57291339,83.23471458,0,0,1020.050333,858.2427054
52,G,0,78.74985747,65.5645771,0,0,943.3508009,799.0363663
52,F,0,82.23400217,92.98828228,0,0,842.1704329,666.9481485
52,J,0,83.22265305,81.10908639,0,0,936.2843428,771.9526033
52,E,0,82.72888083,83.84454309,0,0,922.6203952,756.0469713
52,C,0,79.56556815,69.63700142,0,0,899.0934609,749.8908913
53,H,13.07200583,78.83682278,76.59300916,0,635.1170626,989.7750641,406.8311825
53,B,13.66505885,81.57290944,87.72138581,0,648.397588,911.7316356,428.4541897
53,A,8.330220825,79.70339117,95.44996205,0,618.217832,940.9662609,478.2573803
53,I,13.08130603,79.82766003,71.72619833,0,613.5329687,950.2596261,434.1456807
53,D,19.11854123,79.17889084,77.5476923,0,642.7400188,1020.045271,442.6505617
53,G,8.729831148,79.0471216,74.69348787,0,636.8428138,943.3508009,405.2545452
53,F,19.98106983,80.88117848,78.06935709,0,653.4262163,842.0949746,365.2674628
53,J,8.516514919,83.64526749,76.06051762,0,656.748832,936.300015,367.4352734
53,E,13.33391128,82.87854359,78.20244434,0,619.3899899,922.6203952,431.3023285
53,C,12.45529457,80.15784675,74.88082681,0,615.026327,899.0838361,402.5246065
54,H,0,78.49065854,76.55369587,0,0,989.8526428,834.8082884
54,B,0,81.09155622,86.92670134,0,0,911.6624459,743.6441884
54,A,0,78.46714232,78.64582221,0,0,940.9662609,783.8532964
54,I,0,80.09560907,78.83903226,0,0,950.2052586,791.2706173
54,D,0,78.99356576,83.30949661,0,0,1020.075667,857.7726044
54,G,0,78.88144568,63.77932002,0,0,943.3508009,800.6900352
54,F,0,82.02150154,98.86912655,0,0,842.1452801,661.2546521
54,J,0,83.0632959,65.00755328,0,0,936.2067331,788.1358839
54,E,0,83.17187735,84.98003887,0,0,922.6203952,754.468479
54,C,0,79.7705425,61.68974494,0,0,899.040352,757.5800645
55,H,0,78.54650566,63.97306764,0,0,989.8009237,847.2813504
55,B,0,81.01174097,78.11381042,0,0,911.7075238,752.5819724
55,A,0,79.54243467,91.22606856,0,0,940.9662609,770.1977577
55,I,0,80.29760573,84.22170779,0,0,950.2324424,785.7131288
55,D,0,78.35637571,77.51444889,0,0,1020.059395,864.1885704
55,G,0,78.53120696,65.58047136,0,0,943.3508009,799.2391225
55,F,0,81.11587737,82.20294723,0,0,842.1201274,678.8013028
55,J,0,83.37566442,87.7256437,0,0,936.2533741,765.1520659
55,E,0,83.0908989,82.90630387,0,0,922.6203952,756.6231924
55,C,0,79.96278047,76.40475637,0,0,899.0693414,742.7018045
56,H,0,78.51009626,67.10335874,0,0,989.8267832,844.2133282
56,B,0,81.15454889,87.45447351,0,0,911.7075238,743.0985014
56,A,0,79.54723912,86.58750137,0,0,940.9570017,774.8222612
56,I,0,79.67610045,71.45208054,0,0,950.2421323,799.1139513
56,D,0,79.01457003,76.90154467,0,0,1020.063,864.1468853
56,G,0,78.95873549,68.62603349,0,0,943.3508009,795.7660319
56,F,0,81.22245561,86.93216212,0,0,842.1955857,674.0409679
56,J,0,83.49880938,73.6475813,0,0,936.2533741,779.1069834
56,E,0,83.60592184,76.18462488,0,0,922.6203952,762.8298485
56,C,0,80.03839066,72.47963566,0,0,899.0838361,746.5658098
57,H,13.07200583,78.48766573,96.26323979,0,635.1170626,989.8267832,406.450246
57,B,13.66505885,81.3002121,90.20090244,0,648.397588,911.7075238,423.1727926
57,A,8.330220825,79.04016581,79.99087838,0,618.217832,940.9756192,474.4214013
57,I,13.08130603,79.94934533,78.01878135,0,613.5329687,950.2491451,445.1816655
57,D,19.11854123,78.79423284,90.18596508,0,642.7400188,1020.028999,453.9313653
57,G,8.729831148,79.38909717,72.87468383,0,636.8428138,943.3508009,400.8841198
57,F,19.98106983,81.27058044,79.03132678,0,653.4262163,842.1201274,353.3500565
57,J,8.516514919,83.43657578,75.3786226,0,656.748832,936.300015,364.2992219
57,E,13.33391128,82.76760987,79.20463025,0,619.3899899,922.6203952,440.8270816
57,C,12.45529457,79.95844593,74.89247842,0,615.026327,899.1079556,392.7522611
58,H,0,79.13233491,81.02712921,0,0,989.8009237,829.6414596
58,B,0,80.48921376,77.7190522,0,0,911.6953979,753.4871319
58,A,0,78.93790338,87.52056654,0,0,940.9662609,774.507791
58,I,0,79.78951943,58.01118078,0,0,950.2596261,812.4589259
58,D,0,78.68200293,81.48711254,0,0,1020.063,859.8938846
58,G,0,79.08073393,69.50972494,0,0,943.3508009,794.760342
58,F,0,81.46562065,100.0327936,0,0,842.1704329,660.6720186
58,J,0,83.37717449,82.33464853,0,0,936.2533741,770.541551
58,E,0,83.2129149,92.00789802,0,0,922.6203952,747.3995823
58,C,0,80.04202553,65.70329274,0,0,899.0693414,753.3240231
59,H,0,78.40437685,80.99646572,0,0,989.7692594,830.3684168
59,B,0,80.56496401,86.37933178,0,0,911.7075238,744.763228
59,A,0,79.52284226,80.23717735,0,0,940.9756192,781.2155996
59,I,0,80.19860901,81.61166037,0,0,950.2324424,788.422173
59,D,0,78.40044238,82.0037815,0,0,1020.046728,859.6425044
59,G,0,78.94792896,68.49654225,0,0,943.3508009,795.9063297
59,F,0,80.85125829,83.32149112,0,0,842.129148,677.9563986
59,J,0,83.12584408,73.23758305,0,0,936.300015,779.9365879
59,E,0,82.98864509,76.89711936,0,0,922.6203952,762.7346307
59,C,0,80.65174786,67.31796049,0,0,899.1092026,751.1394943
60,H,0,79.26248256,82.29527922,0,0,989.9408018,828.38304
60,B,0,81.45876641,84.44971453,0,0,911.6745719,745.7660909
60,A,0,79.17752328,78.11683153,0,0,940.9662609,783.6719061
60,I,0,79.53756158,69.10206621,0,0,950.2596261,801.6199983
60,D,0,78.51097186,79.4034564,0,0,1020.079272,862.1648435
60,G,0,78.85273951,62.65934631,0,0,943.3508009,801.838715
60,F,0,81.7239717,85.1116427,0,0,842.1201274,675.284513
60,J,0,83.88438915,74.63794746,0,0,936.2067331,777.6843965
60,E,0,82.75729437,77.86803822,0,0,922.6203952,761.9950626
60,C,0,80.29461273,71.9460094,0,0,899.0838361,749.3665099
61,H,13.07200583,78.42883506,75.93670477,0,635.1170626,989.7730792,409.6344731
61,B,13.66505885,80.1549461,82.15660429,0,648.397588,911.7075238,416.4862784
61,A,8.330220825,78.69127196,86.57553219,0,618.217832,940.9756192,472.4598814
61,I,13.08130603,79.57409468,74.11169431,0,613.5329687,950.2324424,438.2776175
61,D,19.11854123,78.42989198,69.38507574,0,642.7400188,1020.050333,441.7594314
61,G,8.729831148,78.97514022,70.15646249,0,636.8428138,943.3508009,398.6384805
61,F,19.98106983,81.58689932,81.8582622,0,653.4262163,842.1452801,366.2823175
61,J,8.516514919,83.67731683,74.33899608,0,656.748832,936.300015,373.2261399
61,E,13.33391128,82.17343253,71.89394226,0,619.3899899,922.6203952,441.8271375
61,C,12.45529457,80.19542862,66.85324384,0,615.026327,899.0597167,406.9682238
62,H,0,78.04014239,82.04150111,0,0,989.8009237,829.7192802
62,B,0,80.62274775,75.16521954,0,0,911.6624459,755.8744786
62,A,0,79.09375734,77.1717225,0,0,940.9756192,784.7101394
62,I,0,80.26580207,75.5707383,0,0,950.2596261,794.4230857
62,D,0,78.9141004,76.96458291,0,0,1020.059395,864.1807117
62,G,0,79.15334903,74.04116318,0,0,943.3508009,790.1562886
62,F,0,81.60115095,87.4005826,0,0,842.1704329,673.1686994
62,J,0,83.53900486,73.78646939,0,0,936.2533741,778.9278998
62,E,0,83.24886921,86.3218255,0,0,922.6203952,753.0497005
62,C,0,80.72298486,67.6788007,0,0,899.0983308,750.6965452
63,H,0,77.75783831,81.0458505,0,0,989.7989387,830.9952499
63,B,0,81.13708238,87.52101569,0,0,911.7075238,743.0494258
63,A,0,78.34097576,78.99346577,0,0,940.9756192,783.6411777
63,I,0,79.98546388,83.77593152,0,0,950.269316,786.5079206
63,D,0,78.91206391,79.36261691,0,0,1020.034062,861.7593807
63,G,0,79.17825911,65.77277831,0,0,943.3508009,798.3997635
63,F,0,81.29440873,91.27001821,0,0,842.1201274,669.5557005
63,J,0,82.84853063,78.33325787,0,0,936.2533741,775.0715855
63,E,0,83.20309925,80.50106261,0,0,922.6203952,758.9162333
63,C,0,80.60049556,72.70142474,0,0,899.0548467,745.7529264
64,H,0,78.61956194,85.48357557,0,0,989.8526428,825.7495053
64,B,0,80.71245118,85.79879918,0,0,911.6745719,745.1633215
64,A,0,79.08423511,80.40115565,0,0,940.9662609,781.4808702
64,I,0,80.14331477,71.5916168,0,0,950.248779,798.5138475
64,D,0,77.81894521,75.29501861,0,0,1020.037667,866.9237028
64,G,0,79.56832373,64.9265451,0,0,943.3508009,798.855932
64,F,0,81.4967304,81.05491993,0,0,842.1704329,679.6187826
64,J,0,82.0232487,61.40535802,0,0,936.300015,792.8714083
64,E,0,82.16951272,83.21430641,0,0,922.6203952,757.2365761
64,C,0,80.0281767,53.90461973,0,0,899.0597167,765.1269202
65,H,0,21.86237856,10.89111765,0,0,378.7979636,346.9512853
65,B,0,22.82646928,12.00265223,0,0,351.7460698,317.5217268
65,A,0,22.2767483,16.46365276,0,0,365.0352918,330.303223
65,I,0,22.26844528,11.89500857,0,0,365.1082004,331.3541852
65,D,0,22.16696574,11.23366069,0,0,392.3759868,359.6553834
65,G,0,22.24652836,11.90796319,0,0,357.1326141,323.5654648
65,F,0,23.21737418,17.31971542,0,0,327.3703678,288.2563197
65,J,0,23.53251303,11.89907886,0,0,363.9893249,328.557733
65,E,0,23.40928763,18.86971762,0,0,330.6143194,297.2256238
65,C,0,22.69735794,12.57726024,0,0,337.6433037,306.7621486